{"state":{"isStdOutTTY":true,"isStdErrTTY":true,"testRunDurationMs":20156.0533},"metrics":{"http_req_duration":{"type":"trend","contains":"time","values":{"p(95)":283.2616499999999,"avg":219.20699351851857,"min":184.2334,"med":210.78265,"max":520.1744,"p(90)":242.64409999999998},"thresholds":{"p(90) < 600":{"ok":true},"p(95) < 800":{"ok":true},"p(99.9) < 2000":{"ok":true}}},"data_received":{"type":"counter","contains":"data","values":{"count":1656933,"rate":82205.23012806282}},"response time waiting":{"values":{"max":518.3577,"value":245.1523,"min":180.1565},"type":"gauge","contains":"default"},"http_req_blocked":{"contains":"time","values":{"avg":52.712908950617305,"min":34.3848,"med":51.14135,"max":103.3751,"p(90)":65.8942,"p(95)":72.71600499999992},"type":"trend"},"http_reqs":{"type":"counter","contains":"default","values":{"count":324,"rate":16.074575472570316}},"http_req_receiving":{"type":"trend","contains":"time","values":{"p(95)":6.977304999999999,"avg":2.278889197530863,"min":0,"med":1.4539499999999999,"max":16.7345,"p(90)":5.406029999999999}},"data_sent":{"type":"counter","contains":"data","values":{"rate":9355.402925035925,"count":188568}},"iteration_duration":{"type":"trend","contains":"time","values":{"p(95)":335.1597,"avg":280.2975703703704,"min":229.5074,"med":271.36315,"max":581.5123,"p(90)":313.07421}},"http_req_failed":{"type":"rate","contains":"default","values":{"passes":0,"fails":324,"rate":0},"thresholds":{"rate<0.01":{"ok":true}}},"group_duration":{"contains":"time","values":{"min":0,"med":120.1305,"max":579.7659,"p(90)":294.94180000000006,"p(95)":309.79188999999997,"avg":140.09604120370375},"type":"trend"},"http_req_connecting":{"type":"trend","contains":"time","values":{"max":54.7486,"p(90)":29.6745,"p(95)":35.47813999999998,"avg":23.406632098765446,"min":12.2023,"med":22.55735}},"response time duration":{"type":"gauge","contains":"default","values":{"value":247.8899,"min":184.2334,"max":520.1744}},"vus":{"type":"gauge","contains":"default","values":{"max":5,"value":1,"min":1}},"error codes":{"type":"rate","contains":"default","values":{"rate":0,"passes":0,"fails":324}},"response time sending":{"type":"gauge","contains":"default","values":{"max":16.3743,"value":0.1413,"min":0}},"iterations":{"type":"counter","contains":"default","values":{"count":324,"rate":16.074575472570316}},"http_req_duration{expected_response:true}":{"values":{"p(95)":283.2616499999999,"avg":219.20699351851857,"min":184.2334,"med":210.78265,"max":520.1744,"p(90)":242.64409999999998},"type":"trend","contains":"time"},"checks":{"type":"rate","contains":"default","values":{"rate":0.7764060356652949,"passes":2264,"fails":652}},"http_req_tls_handshaking":{"type":"trend","contains":"time","values":{"max":67.5928,"p(90)":35.18936,"p(95)":37.804485,"avg":28.828246296296303,"min":18.4352,"med":28.1149}},"vus_max":{"contains":"default","values":{"value":5,"min":5,"max":5},"type":"gauge"},"http_req_sending":{"values":{"avg":0.3638592592592589,"min":0,"med":0.44804999999999995,"max":16.3743,"p(90)":0.63348,"p(95)":0.6758099999999999},"type":"trend","contains":"time"},"http_req_waiting":{"type":"trend","contains":"time","values":{"avg":216.56424506172843,"min":180.1565,"med":208.1284,"max":518.3577,"p(90)":241.13688,"p(95)":279.5467149999999}},"response time receiving":{"type":"gauge","contains":"default","values":{"value":2.5963,"min":0,"max":16.7345}}},"root_group":{"name":"","path":"","id":"d41d8cd98f00b204e9800998ecf8427e","groups":[{"name":"Basic API test","path":"::Basic API test","id":"a88589f7d3e026efc0edeb054fc17a83","groups":[],"checks":[{"path":"::Basic API test::API status code is 200.","id":"a6f7a3fd8bc575f00b60f37cdaabb9e3","passes":324,"fails":0,"name":"API status code is 200."},{"name":"10 is 10","path":"::Basic API test::10 is 10","id":"bfc88d76f8bb2f621428403f019894c0","passes":324,"fails":0},{"path":"::Basic API test::object is object","id":"b708407943fe5177d964573bbe14d129","passes":324,"fails":0,"name":"object is object"},{"id":"4d46d3d6450115c8d8108d520ffbaa3e","passes":324,"fails":0,"name":"5 is 5","path":"::Basic API test::5 is 5"},{"name":"status is 200","path":"::Basic API test::status is 200","id":"d67fb0bf8dfec310fe9ac4f6158f18b6","passes":324,"fails":0},{"name":"transaction time OK","path":"::Basic API test::transaction time OK","id":"891dff695a9f879a7fd666152beb4e10","passes":320,"fails":4},{"passes":0,"fails":324,"name":"response body has ID key","path":"::Basic API test::response body has ID key","id":"bb8c3c9a669b2df88c4d8d3f7a49c150"}]},{"name":"Dummy example","path":"::Dummy example","id":"c81487ec2aeb644b9408bb97ef0d0d48","groups":[],"checks":[{"name":"expected 10 to be within 8..12","path":"::Dummy example::expected 10 to be within 8..12","id":"16fa80e0227403c8c694fb89ed8d3524","passes":324,"fails":0},{"passes":0,"fails":324,"name":"expected 42 to equal 44","path":"::Dummy example::expected 42 to equal 44","id":"8192da44d07da2a2ad533dcc48b59ad0"}]}],"checks":[]},"options":{"summaryTrendStats":["avg","min","med","max","p(90)","p(95)"],"summaryTimeUnit":"","noColor":false}}